nw,time_manager
1,11.37608
2,4.28652
3,3.92819
4,2.63513
6,1.83579
9,1.25075
12,1.00362
18,1.12709
36,0.79988
