speedup,ideal
9.35457,10
9.41318,10
9.41871,10
9.45284,10
9.46217,10
9.44869,10
9.46045,10
9.46608,10
9.42797,10
9.47958,10
