speedup,ideal
7.63318,100
7.56667,100
7.31303,100
7.45485,100
7.45071,100
7.2865,100
7.29004,100
7.62194,100
7.30371,100
7.65071,100
