speedup,ideal
9.95039,10
9.95155,10
9.94916,10
9.94665,10
9.95176,10
9.95146,10
9.94944,10
9.94773,10
9.94846,10
9.9492,10
